series,phi,loglik_exact,phi_true,nu,c
Serie_1,0.6,-5829.605420484919,0.965,2.5,0.2
Serie_1,0.6020050251256281,-5797.973424545063,0.965,2.5,0.2
Serie_1,0.6040100502512563,-5766.510935903034,0.965,2.5,0.2
Serie_1,0.6060150753768844,-5735.218152014481,0.965,2.5,0.2
Serie_1,0.6080201005025125,-5704.095269107463,0.965,2.5,0.2
Serie_1,0.6100251256281407,-5673.142482134123,0.965,2.5,0.2
Serie_1,0.6120301507537689,-5642.359984722584,0.965,2.5,0.2
Serie_1,0.6140351758793969,-5611.747969129247,0.965,2.5,0.2
Serie_1,0.6160402010050251,-5581.306626191478,0.965,2.5,0.2
Serie_1,0.6180452261306533,-5551.036145280657,0.965,2.5,0.2
Serie_1,0.6200502512562814,-5520.936714255531,0.965,2.5,0.2
Serie_1,0.6220552763819095,-5491.0085194160465,0.965,2.5,0.2
Serie_1,0.6240603015075377,-5461.251745457375,0.965,2.5,0.2
Serie_1,0.6260653266331658,-5431.666575424577,0.965,2.5,0.2
Serie_1,0.628070351758794,-5402.253190667314,0.965,2.5,0.2
Serie_1,0.6300753768844221,-5373.011770795208,0.965,2.5,0.2
Serie_1,0.6320804020100502,-5343.942493633405,0.965,2.5,0.2
Serie_1,0.6340854271356784,-5315.045535178671,0.965,2.5,0.2
Serie_1,0.6360904522613066,-5286.321069555647,0.965,2.5,0.2
Serie_1,0.6380954773869346,-5257.769268973774,0.965,2.5,0.2
Serie_1,0.6401005025125628,-5229.390303684272,0.965,2.5,0.2
Serie_1,0.642105527638191,-5201.184341937846,0.965,2.5,0.2
Serie_1,0.6441105527638191,-5173.151549942548,0.965,2.5,0.2
Serie_1,0.6461155778894472,-5145.292091822056,0.965,2.5,0.2
Serie_1,0.6481206030150753,-5117.606129574502,0.965,2.5,0.2
Serie_1,0.6501256281407035,-5090.093823031512,0.965,2.5,0.2
Serie_1,0.6521306532663317,-5062.755329817754,0.965,2.5,0.2
Serie_1,0.6541356783919597,-5035.590805310841,0.965,2.5,0.2
Serie_1,0.6561407035175879,-5008.60040260169,0.965,2.5,0.2
Serie_1,0.6581457286432161,-4981.784272455258,0.965,2.5,0.2
Serie_1,0.6601507537688442,-4955.142563271644,0.965,2.5,0.2
Serie_1,0.6621557788944723,-4928.675421047728,0.965,2.5,0.2
Serie_1,0.6641608040201005,-4902.382989339098,0.965,2.5,0.2
Serie_1,0.6661658291457286,-4876.265409222455,0.965,2.5,0.2
Serie_1,0.6681708542713568,-4850.322819258474,0.965,2.5,0.2
Serie_1,0.6701758793969849,-4824.55535545502,0.965,2.5,0.2
Serie_1,0.672180904522613,-4798.963151230892,0.965,2.5,0.2
Serie_1,0.6741859296482412,-4773.546337379817,0.965,2.5,0.2
Serie_1,0.6761909547738694,-4748.3050420351265,0.965,2.5,0.2
Serie_1,0.6781959798994974,-4723.239390634699,0.965,2.5,0.2
Serie_1,0.6802010050251256,-4698.349505886374,0.965,2.5,0.2
Serie_1,0.6822060301507538,-4673.6355077338685,0.965,2.5,0.2
Serie_1,0.6842110552763819,-4649.097513323051,0.965,2.5,0.2
Serie_1,0.68621608040201,-4624.73563696878,0.965,2.5,0.2
Serie_1,0.6882211055276382,-4600.549990122113,0.965,2.5,0.2
Serie_1,0.6902261306532663,-4576.540681337979,0.965,2.5,0.2
Serie_1,0.6922311557788945,-4552.707816243358,0.965,2.5,0.2
Serie_1,0.6942361809045225,-4529.051497505918,0.965,2.5,0.2
Serie_1,0.6962412060301507,-4505.571824803047,0.965,2.5,0.2
Serie_1,0.6982462311557789,-4482.268894791481,0.965,2.5,0.2
Serie_1,0.700251256281407,-4459.1428010772925,0.965,2.5,0.2
Serie_1,0.7022562814070352,-4436.193634186432,0.965,2.5,0.2
Serie_1,0.7042613065326633,-4413.421481535724,0.965,2.5,0.2
Serie_1,0.7062663316582914,-4390.826427404317,0.965,2.5,0.2
Serie_1,0.7082713567839196,-4368.408552905735,0.965,2.5,0.2
Serie_1,0.7102763819095477,-4346.167935960259,0.965,2.5,0.2
Serie_1,0.7122814070351758,-4324.1046512679495,0.965,2.5,0.2
Serie_1,0.714286432160804,-4302.218770282069,0.965,2.5,0.2
Serie_1,0.7162914572864322,-4280.510361183111,0.965,2.5,0.2
Serie_1,0.7182964824120603,-4258.9794888531815,0.965,2.5,0.2
Serie_1,0.7203015075376884,-4237.626214851096,0.965,2.5,0.2
Serie_1,0.7223065326633166,-4216.450597387773,0.965,2.5,0.2
Serie_1,0.7243115577889447,-4195.45269130234,0.965,2.5,0.2
Serie_1,0.7263165829145728,-4174.632548038633,0.965,2.5,0.2
Serie_1,0.728321608040201,-4153.990215622267,0.965,2.5,0.2
Serie_1,0.7303266331658291,-4133.525738638244,0.965,2.5,0.2
Serie_1,0.7323316582914573,-4113.239158209082,0.965,2.5,0.2
Serie_1,0.7343366834170855,-4093.1305119734943,0.965,2.5,0.2
Serie_1,0.7363417085427135,-4073.199834065586,0.965,2.5,0.2
Serie_1,0.7383467336683417,-4053.4471550946305,0.965,2.5,0.2
Serie_1,0.7403517587939699,-4033.8725021253404,0.965,2.5,0.2
Serie_1,0.7423567839195979,-4014.475898658809,0.965,2.5,0.2
Serie_1,0.7443618090452261,-3995.257364613817,0.965,2.5,0.2
Serie_1,0.7463668341708543,-3976.2169163089557,0.965,2.5,0.2
Serie_1,0.7483718592964824,-3957.3545664450376,0.965,2.5,0.2
Serie_1,0.7503768844221106,-3938.6703240883417,0.965,2.5,0.2
Serie_1,0.7523819095477386,-3920.164194654245,0.965,2.5,0.2
Serie_1,0.7543869346733668,-3901.836179891527,0.965,2.5,0.2
Serie_1,0.756391959798995,-3883.686277867229,0.965,2.5,0.2
Serie_1,0.758396984924623,-3865.7144829521767,0.965,2.5,0.2
Serie_1,0.7604020100502512,-3847.9207858069217,0.965,2.5,0.2
Serie_1,0.7624070351758794,-3830.305173368532,0.965,2.5,0.2
Serie_1,0.7644120603015075,-3812.867628837785,0.965,2.5,0.2
Serie_1,0.7664170854271357,-3795.6081316670775,0.965,2.5,0.2
Serie_1,0.7684221105527638,-3778.526657548926,0.965,2.5,0.2
Serie_1,0.7704271356783919,-3761.623178405109,0.965,2.5,0.2
Serie_1,0.7724321608040201,-3744.897662376435,0.965,2.5,0.2
Serie_1,0.7744371859296482,-3728.3500738131393,0.965,2.5,0.2
Serie_1,0.7764422110552763,-3711.98037326593,0.965,2.5,0.2
Serie_1,0.7784472361809045,-3695.7885174777393,0.965,2.5,0.2
Serie_1,0.7804522613065327,-3679.7744593760576,0.965,2.5,0.2
Serie_1,0.7824572864321608,-3663.9381480659936,0.965,2.5,0.2
Serie_1,0.7844623115577889,-3648.2795288239945,0.965,2.5,0.2
Serie_1,0.7864673366834171,-3632.798543092264,0.965,2.5,0.2
Serie_1,0.7884723618090452,-3617.495128473885,0.965,2.5,0.2
Serie_1,0.7904773869346733,-3602.369218728648,0.965,2.5,0.2
Serie_1,0.7924824120603016,-3587.420743769588,0.965,2.5,0.2
Serie_1,0.7944874371859296,-3572.6496296602663,0.965,2.5,0.2
Serie_1,0.7964924623115578,-3558.055798612791,0.965,2.5,0.2
Serie_1,0.798497487437186,-3543.639168986625,0.965,2.5,0.2
Serie_1,0.800502512562814,-3529.39965528812,0.965,2.5,0.2
Serie_1,0.8025075376884422,-3515.337168170873,0.965,2.5,0.2
Serie_1,0.8045125628140704,-3501.4516144368927,0.965,2.5,0.2
Serie_1,0.8065175879396985,-3487.7428970385067,0.965,2.5,0.2
Serie_1,0.8085226130653267,-3474.2109150812807,0.965,2.5,0.2
Serie_1,0.8105276381909547,-3460.8555638275984,0.965,2.5,0.2
Serie_1,0.8125326633165829,-3447.676734701252,0.965,2.5,0.2
Serie_1,0.8145376884422111,-3434.6743152928993,0.965,2.5,0.2
Serie_1,0.8165427135678391,-3421.84818936645,0.965,2.5,0.2
Serie_1,0.8185477386934673,-3409.198236866397,0.965,2.5,0.2
Serie_1,0.8205527638190955,-3396.7243339261536,0.965,2.5,0.2
Serie_1,0.8225577889447236,-3384.4263528774027,0.965,2.5,0.2
Serie_1,0.8245628140703518,-3372.3041622604683,0.965,2.5,0.2
Serie_1,0.8265678391959799,-3360.3576268357992,0.965,2.5,0.2
Serie_1,0.828572864321608,-3348.5866075965682,0.965,2.5,0.2
Serie_1,0.8305778894472362,-3336.990961782422,0.965,2.5,0.2
Serie_1,0.8325829145728643,-3325.5705428944784,0.965,2.5,0.2
Serie_1,0.8345879396984924,-3314.3252007115484,0.965,2.5,0.2
Serie_1,0.8365929648241206,-3303.254781307721,0.965,2.5,0.2
Serie_1,0.8385979899497488,-3292.359127071225,0.965,2.5,0.2
Serie_1,0.8406030150753769,-3281.638076724857,0.965,2.5,0.2
Serie_1,0.842608040201005,-3271.091465347875,0.965,2.5,0.2
Serie_1,0.8446130653266332,-3260.7191243993775,0.965,2.5,0.2
Serie_1,0.8466180904522613,-3250.520881743546,0.965,2.5,0.2
Serie_1,0.8486231155778894,-3240.496561676432,0.965,2.5,0.2
Serie_1,0.8506281407035176,-3230.6459849548046,0.965,2.5,0.2
Serie_1,0.8526331658291457,-3220.9689688268527,0.965,2.5,0.2
Serie_1,0.8546381909547738,-3211.4653270649574,0.965,2.5,0.2
Serie_1,0.8566432160804021,-3202.1348700008175,0.965,2.5,0.2
Serie_1,0.8586482412060301,-3192.977404562784,0.965,2.5,0.2
Serie_1,0.8606532663316583,-3183.9927343158893,0.965,2.5,0.2
Serie_1,0.8626582914572865,-3175.180659504409,0.965,2.5,0.2
Serie_1,0.8646633165829145,-3166.540977097495,0.965,2.5,0.2
Serie_1,0.8666683417085428,-3158.0734808377965,0.965,2.5,0.2
Serie_1,0.8686733668341708,-3149.7779612935365,0.965,2.5,0.2
Serie_1,0.870678391959799,-3141.6542059141234,0.965,2.5,0.2
Serie_1,0.8726834170854272,-3133.7019990897597,0.965,2.5,0.2
Serie_1,0.8746884422110552,-3125.9211222152435,0.965,2.5,0.2
Serie_1,0.8766934673366834,-3118.3113537584186,0.965,2.5,0.2
Serie_1,0.8786984924623116,-3110.872469333609,0.965,2.5,0.2
Serie_1,0.8807035175879396,-3103.6042417805434,0.965,2.5,0.2
Serie_1,0.8827085427135679,-3096.5064412492643,0.965,2.5,0.2
Serie_1,0.884713567839196,-3089.5788352916043,0.965,2.5,0.2
Serie_1,0.8867185929648241,-3082.8211889598333,0.965,2.5,0.2
Serie_1,0.8887236180904523,-3076.233264913212,0.965,2.5,0.2
Serie_1,0.8907286432160804,-3069.8148235333697,0.965,2.5,0.2
Serie_1,0.8927336683417085,-3063.565623049203,0.965,2.5,0.2
Serie_1,0.8947386934673367,-3057.485419672607,0.965,2.5,0.2
Serie_1,0.8967437185929648,-3051.5739677459683,0.965,2.5,0.2
Serie_1,0.898748743718593,-3045.831019903021,0.965,2.5,0.2
Serie_1,0.9007537688442211,-3040.2563272443545,0.965,2.5,0.2
Serie_1,0.9027587939698493,-3034.849639529525,0.965,2.5,0.2
Serie_1,0.9047638190954774,-3029.6107053876635,0.965,2.5,0.2
Serie_1,0.9067688442211055,-3024.539272548956,0.965,2.5,0.2
Serie_1,0.9087738693467337,-3019.6350880997043,0.965,2.5,0.2
Serie_1,0.9107788944723618,-3014.8978987638548,0.965,2.5,0.2
Serie_1,0.9127839195979899,-3010.3274512148846,0.965,2.5,0.2
Serie_1,0.9147889447236182,-3005.9234924218913,0.965,2.5,0.2
Serie_1,0.9167939698492462,-3001.685770034937,0.965,2.5,0.2
Serie_1,0.9187989949748744,-2997.6140328152987,0.965,2.5,0.2
Serie_1,0.9208040201005026,-2993.7080311171844,0.965,2.5,0.2
Serie_1,0.9228090452261306,-2989.9675174289764,0.965,2.5,0.2
Serie_1,0.9248140703517588,-2986.392246983167,0.965,2.5,0.2
Serie_1,0.926819095477387,-2982.981978446187,0.965,2.5,0.2
Serie_1,0.928824120603015,-2979.7364747013617,0.965,2.5,0.2
Serie_1,0.9308291457286433,-2976.6555037408207,0.965,2.5,0.2
Serie_1,0.9328341708542713,-2973.738839685716,0.965,2.5,0.2
Serie_1,0.9348391959798995,-2970.9862639578632,0.965,2.5,0.2
Serie_1,0.9368442211055277,-2968.39756663121,0.965,2.5,0.2
Serie_1,0.9388492462311557,-2965.9725479979365,0.965,2.5,0.2
Serie_1,0.9408542713567839,-2963.7110203919747,0.965,2.5,0.2
Serie_1,0.9428592964824121,-2961.6128103233273,0.965,2.5,0.2
Serie_1,0.9448643216080401,-2959.677760989588,0.965,2.5,0.2
Serie_1,0.9468693467336684,-2957.905735248633,0.965,2.5,0.2
Serie_1,0.9488743718592965,-2956.296619158796,0.965,2.5,0.2
Serie_1,0.9508793969849246,-2954.850326222861,0.965,2.5,0.2
Serie_1,0.9528844221105528,-2953.566802511673,0.965,2.5,0.2
Serie_1,0.9548894472361809,-2952.4460328969008,0.965,2.5,0.2
Serie_1,0.956894472361809,-2951.4880486949996,0.965,2.5,0.2
Serie_1,0.9588994974874372,-2950.6929371243673,0.965,2.5,0.2
Serie_1,0.9609045226130652,-2950.060853116116,0.965,2.5,0.2
Serie_1,0.9629095477386935,-2949.5920342122245,0.965,2.5,0.2
Serie_1,0.9649145728643216,-2949.2868195555043,0.965,2.5,0.2
Serie_1,0.9669195979899498,-2949.1456743532244,0.965,2.5,0.2
Serie_1,0.9689246231155779,-2949.16922171383,0.965,2.5,0.2
Serie_1,0.970929648241206,-2949.3582844368852,0.965,2.5,0.2
Serie_1,0.9729346733668341,-2949.713940154502,0.965,2.5,0.2
Serie_1,0.9749396984924623,-2950.237594003779,0.965,2.5,0.2
Serie_1,0.9769447236180904,-2950.931073216573,0.965,2.5,0.2
Serie_1,0.9789497487437187,-2951.7967463389896,0.965,2.5,0.2
Serie_1,0.9809547738693467,-2952.8376635439035,0.965,2.5,0.2
Serie_1,0.9829597989949749,-2954.05769910069,0.965,2.5,0.2
Serie_1,0.984964824120603,-2955.4616470295255,0.965,2.5,0.2
Serie_1,0.9869698492462311,-2957.0551755171264,0.965,2.5,0.2
Serie_1,0.9889748743718594,-2958.8445026080353,0.965,2.5,0.2
Serie_1,0.9909798994974874,-2960.8356678047053,0.965,2.5,0.2
Serie_1,0.9929849246231156,-2963.033415390946,0.965,2.5,0.2
Serie_1,0.9949899497487438,-2965.439980162718,0.965,2.5,0.2
Serie_1,0.9969949748743718,-2968.054295506524,0.965,2.5,0.2
Serie_1,0.999,-2970.8720497113627,0.965,2.5,0.2
Serie_2,0.6,-2301.5028333568152,0.8,3.0,0.4
Serie_2,0.6020050251256281,-2298.646577546306,0.8,3.0,0.4
Serie_2,0.6040100502512563,-2295.8190014495826,0.8,3.0,0.4
Serie_2,0.6060150753768844,-2293.020144633839,0.8,3.0,0.4
Serie_2,0.6080201005025125,-2290.2500461974446,0.8,3.0,0.4
Serie_2,0.6100251256281407,-2287.5087447659334,0.8,3.0,0.4
Serie_2,0.6120301507537689,-2284.796278488072,0.8,3.0,0.4
Serie_2,0.6140351758793969,-2282.1126850318547,0.8,3.0,0.4
Serie_2,0.6160402010050251,-2279.4580015806864,0.8,3.0,0.4
Serie_2,0.6180452261306533,-2276.8322648295057,0.8,3.0,0.4
Serie_2,0.6200502512562814,-2274.235510981021,0.8,3.0,0.4
Serie_2,0.6220552763819095,-2271.667775741969,0.8,3.0,0.4
Serie_2,0.6240603015075377,-2269.1290943194203,0.8,3.0,0.4
Serie_2,0.6260653266331658,-2266.6195014171753,0.8,3.0,0.4
Serie_2,0.628070351758794,-2264.13903123213,0.8,3.0,0.4
Serie_2,0.6300753768844221,-2261.6877174508063,0.8,3.0,0.4
Serie_2,0.6320804020100502,-2259.2655932458415,0.8,3.0,0.4
Serie_2,0.6340854271356784,-2256.872691272576,0.8,3.0,0.4
Serie_2,0.6360904522613066,-2254.5090436656787,0.8,3.0,0.4
Serie_2,0.6380954773869346,-2252.1746820358408,0.8,3.0,0.4
Serie_2,0.6401005025125628,-2249.869637466532,0.8,3.0,0.4
Serie_2,0.642105527638191,-2247.593940510797,0.8,3.0,0.4
Serie_2,0.6441105527638191,-2245.347621188082,0.8,3.0,0.4
Serie_2,0.6461155778894472,-2243.1307089812144,0.8,3.0,0.4
Serie_2,0.6481206030150753,-2240.9432328333346,0.8,3.0,0.4
Serie_2,0.6501256281407035,-2238.7852211449435,0.8,3.0,0.4
Serie_2,0.6521306532663317,-2236.6567017710126,0.8,3.0,0.4
Serie_2,0.6541356783919597,-2234.5577020181327,0.8,3.0,0.4
Serie_2,0.6561407035175879,-2232.488248641745,0.8,3.0,0.4
Serie_2,0.6581457286432161,-2230.448367843412,0.8,3.0,0.4
Serie_2,0.6601507537688442,-2228.4380852681943,0.8,3.0,0.4
Serie_2,0.6621557788944723,-2226.4574260020395,0.8,3.0,0.4
Serie_2,0.6641608040201005,-2224.5064145692863,0.8,3.0,0.4
Serie_2,0.6661658291457286,-2222.58507493019,0.8,3.0,0.4
Serie_2,0.6681708542713568,-2220.6934304785605,0.8,3.0,0.4
Serie_2,0.6701758793969849,-2218.8315040394314,0.8,3.0,0.4
Serie_2,0.672180904522613,-2216.9993178668274,0.8,3.0,0.4
Serie_2,0.6741859296482412,-2215.1968936415674,0.8,3.0,0.4
Serie_2,0.6761909547738694,-2213.4242524692013,0.8,3.0,0.4
Serie_2,0.6781959798994974,-2211.6814148779313,0.8,3.0,0.4
Serie_2,0.6802010050251256,-2209.968400816688,0.8,3.0,0.4
Serie_2,0.6822060301507538,-2208.285229653234,0.8,3.0,0.4
Serie_2,0.6842110552763819,-2206.631920172361,0.8,3.0,0.4
Serie_2,0.68621608040201,-2205.0084905741705,0.8,3.0,0.4
Serie_2,0.6882211055276382,-2203.414958472396,0.8,3.0,0.4
Serie_2,0.6902261306532663,-2201.8513408928493,0.8,3.0,0.4
Serie_2,0.6922311557788945,-2200.3176542719257,0.8,3.0,0.4
Serie_2,0.6942361809045225,-2198.8139144552006,0.8,3.0,0.4
Serie_2,0.6962412060301507,-2197.3401366960743,0.8,3.0,0.4
Serie_2,0.6982462311557789,-2195.8963356545596,0.8,3.0,0.4
Serie_2,0.700251256281407,-2194.4825253961126,0.8,3.0,0.4
Serie_2,0.7022562814070352,-2193.0987193905485,0.8,3.0,0.4
Serie_2,0.7042613065326633,-2191.7449305110813,0.8,3.0,0.4
Serie_2,0.7062663316582914,-2190.421171033412,0.8,3.0,0.4
Serie_2,0.7082713567839196,-2189.127452634937,0.8,3.0,0.4
Serie_2,0.7102763819095477,-2187.863786394029,0.8,3.0,0.4
Serie_2,0.7122814070351758,-2186.6301827894454,0.8,3.0,0.4
Serie_2,0.714286432160804,-2185.4266516997864,0.8,3.0,0.4
Serie_2,0.7162914572864322,-2184.253202403075,0.8,3.0,0.4
Serie_2,0.7182964824120603,-2183.1098435764734,0.8,3.0,0.4
Serie_2,0.7203015075376884,-2181.9965832960197,0.8,3.0,0.4
Serie_2,0.7223065326633166,-2180.9134290365296,0.8,3.0,0.4
Serie_2,0.7243115577889447,-2179.86038767161,0.8,3.0,0.4
Serie_2,0.7263165829145728,-2178.837465473742,0.8,3.0,0.4
Serie_2,0.728321608040201,-2177.84466811448,0.8,3.0,0.4
Serie_2,0.7303266331658291,-2176.882000664797,0.8,3.0,0.4
Serie_2,0.7323316582914573,-2175.9494675955257,0.8,3.0,0.4
Serie_2,0.7343366834170855,-2175.0470727779016,0.8,3.0,0.4
Serie_2,0.7363417085427135,-2174.174819484235,0.8,3.0,0.4
Serie_2,0.7383467336683417,-2173.3327103887477,0.8,3.0,0.4
Serie_2,0.7403517587939699,-2172.520747568468,0.8,3.0,0.4
Serie_2,0.7423567839195979,-2171.7389325043105,0.8,3.0,0.4
Serie_2,0.7443618090452261,-2170.9872660822502,0.8,3.0,0.4
Serie_2,0.7463668341708543,-2170.2657485946665,0.8,3.0,0.4
Serie_2,0.7483718592964824,-2169.574379741801,0.8,3.0,0.4
Serie_2,0.7503768844221106,-2168.913158633392,0.8,3.0,0.4
Serie_2,0.7523819095477386,-2168.2820837904064,0.8,3.0,0.4
Serie_2,0.7543869346733668,-2167.68115314697,0.8,3.0,0.4
Serie_2,0.756391959798995,-2167.1103640524384,0.8,3.0,0.4
Serie_2,0.758396984924623,-2166.5697132736304,0.8,3.0,0.4
Serie_2,0.7604020100502512,-2166.059196997234,0.8,3.0,0.4
Serie_2,0.7624070351758794,-2165.5788108323536,0.8,3.0,0.4
Serie_2,0.7644120603015075,-2165.1285498132997,0.8,3.0,0.4
Serie_2,0.7664170854271357,-2164.708408402479,0.8,3.0,0.4
Serie_2,0.7684221105527638,-2164.318380493566,0.8,3.0,0.4
Serie_2,0.7704271356783919,-2163.9584594147864,0.8,3.0,0.4
Serie_2,0.7724321608040201,-2163.628637932467,0.8,3.0,0.4
Serie_2,0.7744371859296482,-2163.3289082547517,0.8,3.0,0.4
Serie_2,0.7764422110552763,-2163.0592620355956,0.8,3.0,0.4
Serie_2,0.7784472361809045,-2162.8196903789017,0.8,3.0,0.4
Serie_2,0.7804522613065327,-2162.610183842981,0.8,3.0,0.4
Serie_2,0.7824572864321608,-2162.4307324452147,0.8,3.0,0.4
Serie_2,0.7844623115577889,-2162.281325666973,0.8,3.0,0.4
Serie_2,0.7864673366834171,-2162.161952458813,0.8,3.0,0.4
Serie_2,0.7884723618090452,-2162.0726012459745,0.8,3.0,0.4
Serie_2,0.7904773869346733,-2162.0132599341136,0.8,3.0,0.4
Serie_2,0.7924824120603016,-2161.9839159153967,0.8,3.0,0.4
Serie_2,0.7944874371859296,-2161.9845560749022,0.8,3.0,0.4
Serie_2,0.7964924623115578,-2162.0151667973337,0.8,3.0,0.4
Serie_2,0.798497487437186,-2162.075733974103,0.8,3.0,0.4
Serie_2,0.800502512562814,-2162.166243010788,0.8,3.0,0.4
Serie_2,0.8025075376884422,-2162.2866788349675,0.8,3.0,0.4
Serie_2,0.8045125628140704,-2162.4370259044426,0.8,3.0,0.4
Serie_2,0.8065175879396985,-2162.617268215942,0.8,3.0,0.4
Serie_2,0.8085226130653267,-2162.827389314238,0.8,3.0,0.4
Serie_2,0.8105276381909547,-2163.0673723017208,0.8,3.0,0.4
Serie_2,0.8125326633165829,-2163.3371998485354,0.8,3.0,0.4
Serie_2,0.8145376884422111,-2163.6368542031914,0.8,3.0,0.4
Serie_2,0.8165427135678391,-2163.9663172037867,0.8,3.0,0.4
Serie_2,0.8185477386934673,-2164.325570289759,0.8,3.0,0.4
Serie_2,0.8205527638190955,-2164.7145945143607,0.8,3.0,0.4
Serie_2,0.8225577889447236,-2165.13337055769,0.8,3.0,0.4
Serie_2,0.8245628140703518,-2165.5818787405597,0.8,3.0,0.4
Serie_2,0.8265678391959799,-2166.0600990389944,0.8,3.0,0.4
Serie_2,0.828572864321608,-2166.5680110996436,0.8,3.0,0.4
Serie_2,0.8305778894472362,-2167.105594255959,0.8,3.0,0.4
Serie_2,0.8325829145728643,-2167.672827545367,0.8,3.0,0.4
Serie_2,0.8345879396984924,-2168.2696897273568,0.8,3.0,0.4
Serie_2,0.8365929648241206,-2168.896159302641,0.8,3.0,0.4
Serie_2,0.8385979899497488,-2169.552214533415,0.8,3.0,0.4
Serie_2,0.8406030150753769,-2170.2378334648356,0.8,3.0,0.4
Serie_2,0.842608040201005,-2170.9529939477643,0.8,3.0,0.4
Serie_2,0.8446130653266332,-2171.6976736628862,0.8,3.0,0.4
Serie_2,0.8466180904522613,-2172.471850146315,0.8,3.0,0.4
Serie_2,0.8486231155778894,-2173.2755008167933,0.8,3.0,0.4
Serie_2,0.8506281407035176,-2174.1086030045867,0.8,3.0,0.4
Serie_2,0.8526331658291457,-2174.971133982259,0.8,3.0,0.4
Serie_2,0.8546381909547738,-2175.8630709974045,0.8,3.0,0.4
Serie_2,0.8566432160804021,-2176.7843913075926,0.8,3.0,0.4
Serie_2,0.8586482412060301,-2177.7350722175797,0.8,3.0,0.4
Serie_2,0.8606532663316583,-2178.715091119108,0.8,3.0,0.4
Serie_2,0.8626582914572865,-2179.7244255334435,0.8,3.0,0.4
Serie_2,0.8646633165829145,-2180.7630531568693,0.8,3.0,0.4
Serie_2,0.8666683417085428,-2181.8309519094564,0.8,3.0,0.4
Serie_2,0.8686733668341708,-2182.928099987372,0.8,3.0,0.4
Serie_2,0.870678391959799,-2184.0544759190147,0.8,3.0,0.4
Serie_2,0.8726834170854272,-2185.2100586254187,0.8,3.0,0.4
Serie_2,0.8746884422110552,-2186.394827485236,0.8,3.0,0.4
Serie_2,0.8766934673366834,-2187.608762404783,0.8,3.0,0.4
Serie_2,0.8786984924623116,-2188.851843893659,0.8,3.0,0.4
Serie_2,0.8807035175879396,-2190.124053146415,0.8,3.0,0.4
Serie_2,0.8827085427135679,-2191.425372130992,0.8,3.0,0.4
Serie_2,0.884713567839196,-2192.7557836845317,0.8,3.0,0.4
Serie_2,0.8867185929648241,-2194.115271617372,0.8,3.0,0.4
Serie_2,0.8887236180904523,-2195.503820826111,0.8,3.0,0.4
Serie_2,0.8907286432160804,-2196.9214174166727,0.8,3.0,0.4
Serie_2,0.8927336683417085,-2198.368048838553,0.8,3.0,0.4
Serie_2,0.8947386934673367,-2199.843704031426,0.8,3.0,0.4
Serie_2,0.8967437185929648,-2201.3483735856416,0.8,3.0,0.4
Serie_2,0.898748743718593,-2202.8820499180806,0.8,3.0,0.4
Serie_2,0.9007537688442211,-2204.4447274653958,0.8,3.0,0.4
Serie_2,0.9027587939698493,-2206.036402896613,0.8,3.0,0.4
Serie_2,0.9047638190954774,-2207.6570753475858,0.8,3.0,0.4
Serie_2,0.9067688442211055,-2209.306746680064,0.8,3.0,0.4
Serie_2,0.9087738693467337,-2210.985421768568,0.8,3.0,0.4
Serie_2,0.9107788944723618,-2212.6931088188367,0.8,3.0,0.4
Serie_2,0.9127839195979899,-2214.429819722048,0.8,3.0,0.4
Serie_2,0.9147889447236182,-2216.1955704498805,0.8,3.0,0.4
Serie_2,0.9167939698492462,-2217.990381496247,0.8,3.0,0.4
Serie_2,0.9187989949748744,-2219.8142783724547,0.8,3.0,0.4
Serie_2,0.9208040201005026,-2221.667292163874,0.8,3.0,0.4
Serie_2,0.9228090452261306,-2223.5494601575756,0.8,3.0,0.4
Serie_2,0.9248140703517588,-2225.4608265520783,0.8,3.0,0.4
Serie_2,0.926819095477387,-2227.401443262599,0.8,3.0,0.4
Serie_2,0.928824120603015,-2229.371370837659,0.8,3.0,0.4
Serie_2,0.9308291457286433,-2231.3706795061885,0.8,3.0,0.4
Serie_2,0.9328341708542713,-2233.399450378152,0.8,3.0,0.4
Serie_2,0.9348391959798995,-2235.457776826574,0.8,3.0,0.4
Serie_2,0.9368442211055277,-2237.5457660850784,0.8,3.0,0.4
Serie_2,0.9388492462311557,-2239.663541102556,0.8,3.0,0.4
Serie_2,0.9408542713567839,-2241.811242706551,0.8,3.0,0.4
Serie_2,0.9428592964824121,-2243.9890321391213,0.8,3.0,0.4
Serie_2,0.9448643216080401,-2246.197094045172,0.8,3.0,0.4
Serie_2,0.9468693467336684,-2248.4356400137785,0.8,3.0,0.4
Serie_2,0.9488743718592965,-2250.704912800211,0.8,3.0,0.4
Serie_2,0.9508793969849246,-2253.0051913920124,0.8,3.0,0.4
Serie_2,0.9528844221105528,-2255.3367971301413,0.8,3.0,0.4
Serie_2,0.9548894472361809,-2257.700101159852,0.8,3.0,0.4
Serie_2,0.956894472361809,-2260.0955335727126,0.8,3.0,0.4
Serie_2,0.9588994974874372,-2262.523594718903,0.8,3.0,0.4
Serie_2,0.9609045226130652,-2264.9848693307013,0.8,3.0,0.4
Serie_2,0.9629095477386935,-2267.4800443191457,0.8,3.0,0.4
Serie_2,0.9649145728643216,-2270.0099314052436,0.8,3.0,0.4
Serie_2,0.9669195979899498,-2272.5754961413813,0.8,3.0,0.4
Serie_2,0.9689246231155779,-2275.1778953674298,0.8,3.0,0.4
Serie_2,0.970929648241206,-2277.8185256743673,0.8,3.0,0.4
Serie_2,0.9729346733668341,-2280.499085821577,0.8,3.0,0.4
Serie_2,0.9749396984924623,-2283.221655772731,0.8,3.0,0.4
Serie_2,0.9769447236180904,-2285.988792987355,0.8,3.0,0.4
Serie_2,0.9789497487437187,-2288.803640782367,0.8,3.0,0.4
Serie_2,0.9809547738693467,-2291.6700308199133,0.8,3.0,0.4
Serie_2,0.9829597989949749,-2294.5925389365498,0.8,3.0,0.4
Serie_2,0.984964824120603,-2297.5764216810385,0.8,3.0,0.4
Serie_2,0.9869698492462311,-2300.6273342603176,0.8,3.0,0.4
Serie_2,0.9889748743718594,-2303.7507449935642,0.8,3.0,0.4
Serie_2,0.9909798994974874,-2306.95106270633,0.8,3.0,0.4
Serie_2,0.9929849246231156,-2310.2306818086904,0.8,3.0,0.4
Serie_2,0.9949899497487438,-2313.589312569155,0.8,3.0,0.4
Serie_2,0.9969949748743718,-2317.0239231580276,0.8,3.0,0.4
Serie_2,0.999,-2320.5293348140735,0.8,3.0,0.4
Serie_3,0.6,-1639.0606699714888,0.8,2.5,0.2
Serie_3,0.6020050251256281,-1637.3448619640556,0.8,2.5,0.2
Serie_3,0.6040100502512563,-1635.6441880436278,0.8,2.5,0.2
Serie_3,0.6060150753768844,-1633.9587316675534,0.8,2.5,0.2
Serie_3,0.6080201005025125,-1632.2885762922947,0.8,2.5,0.2
Serie_3,0.6100251256281407,-1630.6338053664892,0.8,2.5,0.2
Serie_3,0.6120301507537689,-1628.9945023239648,0.8,2.5,0.2
Serie_3,0.6140351758793969,-1627.3707505766743,0.8,2.5,0.2
Serie_3,0.6160402010050251,-1625.7626335075413,0.8,2.5,0.2
Serie_3,0.6180452261306533,-1624.1702344632474,0.8,2.5,0.2
Serie_3,0.6200502512562814,-1622.5936367469676,0.8,2.5,0.2
Serie_3,0.6220552763819095,-1621.032923610975,0.8,2.5,0.2
Serie_3,0.6240603015075377,-1619.4881782492578,0.8,2.5,0.2
Serie_3,0.6260653266331658,-1617.9594837899865,0.8,2.5,0.2
Serie_3,0.628070351758794,-1616.44692328797,0.8,2.5,0.2
Serie_3,0.6300753768844221,-1614.950579717027,0.8,2.5,0.2
Serie_3,0.6320804020100502,-1613.470535962249,0.8,2.5,0.2
Serie_3,0.6340854271356784,-1612.0068748122717,0.8,2.5,0.2
Serie_3,0.6360904522613066,-1610.559678951423,0.8,2.5,0.2
Serie_3,0.6380954773869346,-1609.1290309518208,0.8,2.5,0.2
Serie_3,0.6401005025125628,-1607.7150132654147,0.8,2.5,0.2
Serie_3,0.642105527638191,-1606.3177082159734,0.8,2.5,0.2
Serie_3,0.6441105527638191,-1604.9371979909588,0.8,2.5,0.2
Serie_3,0.6461155778894472,-1603.5735646334203,0.8,2.5,0.2
Serie_3,0.6481206030150753,-1602.2268900337554,0.8,2.5,0.2
Serie_3,0.6501256281407035,-1600.8972559214533,0.8,2.5,0.2
Serie_3,0.6521306532663317,-1599.5847438567744,0.8,2.5,0.2
Serie_3,0.6541356783919597,-1598.289435222353,0.8,2.5,0.2
Serie_3,0.6561407035175879,-1597.0114112147862,0.8,2.5,0.2
Serie_3,0.6581457286432161,-1595.7507528361257,0.8,2.5,0.2
Serie_3,0.6601507537688442,-1594.5075408853359,0.8,2.5,0.2
Serie_3,0.6621557788944723,-1593.2818559497248,0.8,2.5,0.2
Serie_3,0.6641608040201005,-1592.073778396275,0.8,2.5,0.2
Serie_3,0.6661658291457286,-1590.883388362984,0.8,2.5,0.2
Serie_3,0.6681708542713568,-1589.71076575011,0.8,2.5,0.2
Serie_3,0.6701758793969849,-1588.555990211415,0.8,2.5,0.2
Serie_3,0.672180904522613,-1587.419141145337,0.8,2.5,0.2
Serie_3,0.6741859296482412,-1586.3002976861374,0.8,2.5,0.2
Serie_3,0.6761909547738694,-1585.1995386950005,0.8,2.5,0.2
Serie_3,0.6781959798994974,-1584.1169427511059,0.8,2.5,0.2
Serie_3,0.6802010050251256,-1583.0525881426715,0.8,2.5,0.2
Serie_3,0.6822060301507538,-1582.0065528579441,0.8,2.5,0.2
Serie_3,0.6842110552763819,-1580.9789145761858,0.8,2.5,0.2
Serie_3,0.68621608040201,-1579.96975065861,0.8,2.5,0.2
Serie_3,0.6882211055276382,-1578.9791381393147,0.8,2.5,0.2
Serie_3,0.6902261306532663,-1578.007153716173,0.8,2.5,0.2
Serie_3,0.6922311557788945,-1577.0538737417291,0.8,2.5,0.2
Serie_3,0.6942361809045225,-1576.1193742140408,0.8,2.5,0.2
Serie_3,0.6962412060301507,-1575.203730767542,0.8,2.5,0.2
Serie_3,0.6982462311557789,-1574.3070186638774,0.8,2.5,0.2
Serie_3,0.700251256281407,-1573.4293127827311,0.8,2.5,0.2
Serie_3,0.7022562814070352,-1572.5706876126474,0.8,2.5,0.2
Serie_3,0.7042613065326633,-1571.7312172418435,0.8,2.5,0.2
Serie_3,0.7062663316582914,-1570.9109753490434,0.8,2.5,0.2
Serie_3,0.7082713567839196,-1570.1100351942862,0.8,2.5,0.2
Serie_3,0.7102763819095477,-1569.328469609764,0.8,2.5,0.2
Serie_3,0.7122814070351758,-1568.5663509906628,0.8,2.5,0.2
Serie_3,0.714286432160804,-1567.823751285997,0.8,2.5,0.2
Serie_3,0.7162914572864322,-1567.100741989503,0.8,2.5,0.2
Serie_3,0.7182964824120603,-1566.3973941305221,0.8,2.5,0.2
Serie_3,0.7203015075376884,-1565.7137782648974,0.8,2.5,0.2
Serie_3,0.7223065326633166,-1565.0499644659446,0.8,2.5,0.2
Serie_3,0.7243115577889447,-1564.4060223154038,0.8,2.5,0.2
Serie_3,0.7263165829145728,-1563.7820208944727,0.8,2.5,0.2
Serie_3,0.728321608040201,-1563.1780287748422,0.8,2.5,0.2
Serie_3,0.7303266331658291,-1562.5941140097991,0.8,2.5,0.2
Serie_3,0.7323316582914573,-1562.0303441253866,0.8,2.5,0.2
Serie_3,0.7343366834170855,-1561.486786111591,0.8,2.5,0.2
Serie_3,0.7363417085427135,-1560.9635064136098,0.8,2.5,0.2
Serie_3,0.7383467336683417,-1560.4605709231905,0.8,2.5,0.2
Serie_3,0.7403517587939699,-1559.9780449699942,0.8,2.5,0.2
Serie_3,0.7423567839195979,-1559.5159933131063,0.8,2.5,0.2
Serie_3,0.7443618090452261,-1559.0744801325498,0.8,2.5,0.2
Serie_3,0.7463668341708543,-1558.6535690209607,0.8,2.5,0.2
Serie_3,0.7483718592964824,-1558.2533229752773,0.8,2.5,0.2
Serie_3,0.7503768844221106,-1557.8738043886003,0.8,2.5,0.2
Serie_3,0.7523819095477386,-1557.5150750421014,0.8,2.5,0.2
Serie_3,0.7543869346733668,-1557.1771960970657,0.8,2.5,0.2
Serie_3,0.756391959798995,-1556.8602280870682,0.8,2.5,0.2
Serie_3,0.758396984924623,-1556.5642309102386,0.8,2.5,0.2
Serie_3,0.7604020100502512,-1556.2892638216738,0.8,2.5,0.2
Serie_3,0.7624070351758794,-1556.0353854260006,0.8,2.5,0.2
Serie_3,0.7644120603015075,-1555.8026536700754,0.8,2.5,0.2
Serie_3,0.7664170854271357,-1555.5911258358267,0.8,2.5,0.2
Serie_3,0.7684221105527638,-1555.4008585332847,0.8,2.5,0.2
Serie_3,0.7704271356783919,-1555.2319076937627,0.8,2.5,0.2
Serie_3,0.7724321608040201,-1555.0843285632275,0.8,2.5,0.2
Serie_3,0.7744371859296482,-1554.9581756958637,0.8,2.5,0.2
Serie_3,0.7764422110552763,-1554.8535029478262,0.8,2.5,0.2
Serie_3,0.7784472361809045,-1554.770363471222,0.8,2.5,0.2
Serie_3,0.7804522613065327,-1554.7088097082953,0.8,2.5,0.2
Serie_3,0.7824572864321608,-1554.6688933858602,0.8,2.5,0.2
Serie_3,0.7844623115577889,-1554.65066550995,0.8,2.5,0.2
Serie_3,0.7864673366834171,-1554.6541763607765,0.8,2.5,0.2
Serie_3,0.7884723618090452,-1554.679475487902,0.8,2.5,0.2
Serie_3,0.7904773869346733,-1554.7266117057284,0.8,2.5,0.2
Serie_3,0.7924824120603016,-1554.7956330892664,0.8,2.5,0.2
Serie_3,0.7944874371859296,-1554.8865869702563,0.8,2.5,0.2
Serie_3,0.7964924623115578,-1554.999519933551,0.8,2.5,0.2
Serie_3,0.798497487437186,-1555.1344778139114,0.8,2.5,0.2
Serie_3,0.800502512562814,-1555.2915056931222,0.8,2.5,0.2
Serie_3,0.8025075376884422,-1555.470647897516,0.8,2.5,0.2
Serie_3,0.8045125628140704,-1555.6719479958822,0.8,2.5,0.2
Serie_3,0.8065175879396985,-1555.895448797817,0.8,2.5,0.2
Serie_3,0.8085226130653267,-1556.1411923524922,0.8,2.5,0.2
Serie_3,0.8105276381909547,-1556.4092199479487,0.8,2.5,0.2
Serie_3,0.8125326633165829,-1556.6995721107926,0.8,2.5,0.2
Serie_3,0.8145376884422111,-1557.0122886065344,0.8,2.5,0.2
Serie_3,0.8165427135678391,-1557.3474084403583,0.8,2.5,0.2
Serie_3,0.8185477386934673,-1557.7049698585827,0.8,2.5,0.2
Serie_3,0.8205527638190955,-1558.0850103506427,0.8,2.5,0.2
Serie_3,0.8225577889447236,-1558.487566651789,0.8,2.5,0.2
Serie_3,0.8245628140703518,-1558.912674746443,0.8,2.5,0.2
Serie_3,0.8265678391959799,-1559.3603698722943,0.8,2.5,0.2
Serie_3,0.828572864321608,-1559.8306865251623,0.8,2.5,0.2
Serie_3,0.8305778894472362,-1560.3236584646775,0.8,2.5,0.2
Serie_3,0.8325829145728643,-1560.8393187208499,0.8,2.5,0.2
Serie_3,0.8345879396984924,-1561.377699601529,0.8,2.5,0.2
Serie_3,0.8365929648241206,-1561.9388327008794,0.8,2.5,0.2
Serie_3,0.8385979899497488,-1562.522748908898,0.8,2.5,0.2
Serie_3,0.8406030150753769,-1563.129478422037,0.8,2.5,0.2
Serie_3,0.842608040201005,-1563.7590507550028,0.8,2.5,0.2
Serie_3,0.8446130653266332,-1564.4114947538812,0.8,2.5,0.2
Serie_3,0.8466180904522613,-1565.0868386105753,0.8,2.5,0.2
Serie_3,0.8486231155778894,-1565.7851098787264,0.8,2.5,0.2
Serie_3,0.8506281407035176,-1566.50633549117,0.8,2.5,0.2
Serie_3,0.8526331658291457,-1567.2505417791092,0.8,2.5,0.2
Serie_3,0.8546381909547738,-1568.0177544930618,0.8,2.5,0.2
Serie_3,0.8566432160804021,-1568.8079988257605,0.8,2.5,0.2
Serie_3,0.8586482412060301,-1569.6212994371435,0.8,2.5,0.2
Serie_3,0.8606532663316583,-1570.457680481598,0.8,2.5,0.2
Serie_3,0.8626582914572865,-1571.3171656376376,0.8,2.5,0.2
Serie_3,0.8646633165829145,-1572.1997781402486,0.8,2.5,0.2
Serie_3,0.8666683417085428,-1573.1055408160455,0.8,2.5,0.2
Serie_3,0.8686733668341708,-1574.0344761215872,0.8,2.5,0.2
Serie_3,0.870678391959799,-1574.9866061850228,0.8,2.5,0.2
Serie_3,0.8726834170854272,-1575.961952851445,0.8,2.5,0.2
Serie_3,0.8746884422110552,-1576.9605377322387,0.8,2.5,0.2
Serie_3,0.8766934673366834,-1577.9823822587937,0.8,2.5,0.2
Serie_3,0.8786984924623116,-1579.027507741031,0.8,2.5,0.2
Serie_3,0.8807035175879396,-1580.0959354311806,0.8,2.5,0.2
Serie_3,0.8827085427135679,-1581.1876865932943,0.8,2.5,0.2
Serie_3,0.884713567839196,-1582.3027825791326,0.8,2.5,0.2
Serie_3,0.8867185929648241,-1583.4412449110193,0.8,2.5,0.2
Serie_3,0.8887236180904523,-1584.6030953724323,0.8,2.5,0.2
Serie_3,0.8907286432160804,-1585.7883561071094,0.8,2.5,0.2
Serie_3,0.8927336683417085,-1586.9970497276345,0.8,2.5,0.2
Serie_3,0.8947386934673367,-1588.2291994345212,0.8,2.5,0.2
Serie_3,0.8967437185929648,-1589.484829147004,0.8,2.5,0.2
Serie_3,0.898748743718593,-1590.763963646906,0.8,2.5,0.2
Serie_3,0.9007537688442211,-1592.0666287370454,0.8,2.5,0.2
Serie_3,0.9027587939698493,-1593.3928514160548,0.8,2.5,0.2
Serie_3,0.9047638190954774,-1594.742660071553,0.8,2.5,0.2
Serie_3,0.9067688442211055,-1596.1160846940272,0.8,2.5,0.2
Serie_3,0.9087738693467337,-1597.5131571140537,0.8,2.5,0.2
Serie_3,0.9107788944723618,-1598.9339112660111,0.8,2.5,0.2
Serie_3,0.9127839195979899,-1600.3783834818105,0.8,2.5,0.2
Serie_3,0.9147889447236182,-1601.8466128188345,0.8,2.5,0.2
Serie_3,0.9167939698492462,-1603.3386414269355,0.8,2.5,0.2
Serie_3,0.9187989949748744,-1604.8545149601644,0.8,2.5,0.2
Serie_3,0.9208040201005026,-1606.3942830399353,0.8,2.5,0.2
Serie_3,0.9228090452261306,-1607.9579997774993,0.8,2.5,0.2
Serie_3,0.9248140703517588,-1609.545724365045,0.8,2.5,0.2
Serie_3,0.926819095477387,-1611.1575217465613,0.8,2.5,0.2
Serie_3,0.928824120603015,-1612.7934633816828,0.8,2.5,0.2
Serie_3,0.9308291457286433,-1614.4536281184753,0.8,2.5,0.2
Serie_3,0.9328341708542713,-1616.1381031942965,0.8,2.5,0.2
Serie_3,0.9348391959798995,-1617.8469853880704,0.8,2.5,0.2
Serie_3,0.9368442211055277,-1619.5803823522783,0.8,2.5,0.2
Serie_3,0.9388492462311557,-1621.3384141594522,0.8,2.5,0.2
Serie_3,0.9408542713567839,-1623.1212151060545,0.8,2.5,0.2
Serie_3,0.9428592964824121,-1624.9289358270148,0.8,2.5,0.2
Serie_3,0.9448643216080401,-1626.761745787425,0.8,2.5,0.2
Serie_3,0.9468693467336684,-1628.619836235322,0.8,2.5,0.2
Serie_3,0.9488743718592965,-1630.5034237218679,0.8,2.5,0.2
Serie_3,0.9508793969849246,-1632.4127543252719,0.8,2.5,0.2
Serie_3,0.9528844221105528,-1634.348108754293,0.8,2.5,0.2
Serie_3,0.9548894472361809,-1636.3098085608096,0.8,2.5,0.2
Serie_3,0.956894472361809,-1638.2982237635167,0.8,2.5,0.2
Serie_3,0.9588994974874372,-1640.313782284786,0.8,2.5,0.2
Serie_3,0.9609045226130652,-1642.3569817410619,0.8,2.5,0.2
Serie_3,0.9629095477386935,-1644.4284043206183,0.8,2.5,0.2
Serie_3,0.9649145728643216,-1646.5287357530317,0.8,2.5,0.2
Serie_3,0.9669195979899498,-1648.6587897523211,0.8,2.5,0.2
Serie_3,0.9689246231155779,-1650.8195398331197,0.8,2.5,0.2
Serie_3,0.970929648241206,-1653.0121610799845,0.8,2.5,0.2
Serie_3,0.9729346733668341,-1655.2380852682609,0.8,2.5,0.2
Serie_3,0.9749396984924623,-1657.4990735157892,0.8,2.5,0.2
Serie_3,0.9769447236180904,-1659.797310852033,0.8,2.5,0.2
Serie_3,0.9789497487437187,-1662.1355254168184,0.8,2.5,0.2
Serie_3,0.9809547738693467,-1664.5171287520693,0.8,2.5,0.2
Serie_3,0.9829597989949749,-1666.9463582507535,0.8,2.5,0.2
Serie_3,0.984964824120603,-1669.4283727902155,0.8,2.5,0.2
Serie_3,0.9869698492462311,-1671.9692071268887,0.8,2.5,0.2
Serie_3,0.9889748743718594,-1674.575447566005,0.8,2.5,0.2
Serie_3,0.9909798994974874,-1677.253503539323,0.8,2.5,0.2
Serie_3,0.9929849246231156,-1680.0084909040952,0.8,2.5,0.2
Serie_3,0.9949899497487438,-1682.8430176448317,0.8,2.5,0.2
Serie_3,0.9969949748743718,-1685.7563919124666,0.8,2.5,0.2
Serie_3,0.999,-1688.7446782749669,0.8,2.5,0.2
